campaign_id,capture_id,pcap_name,scenario_id,scenario_family,label_binary,packet_count,flow_count,status,source_host,target_host,started_at_utc,notes,split
benign_campaign_20260328_0015,benign_campaign_20260328_0015_N01_run01,benign_campaign_20260328_0015_N01_run01.pcap,N01,normal_icmp,normal,10,1,ok,172.30.1.23,172.30.1.21,2026-03-28T10:36:22Z,ubuntu ping meta2,train
benign_campaign_20260328_0015,benign_campaign_20260328_0015_N01_run02,benign_campaign_20260328_0015_N01_run02.pcap,N01,normal_icmp,normal,10,1,ok,172.30.1.23,172.30.1.21,2026-03-28T10:37:08Z,ubuntu ping meta2,train
benign_campaign_20260328_0015,benign_campaign_20260328_0015_N01_run03,benign_campaign_20260328_0015_N01_run03.pcap,N01,normal_icmp,normal,12,2,ok,172.30.1.23,172.30.1.21,2026-03-28T10:37:56Z,ubuntu ping meta2,train
benign_campaign_20260328_0015,benign_campaign_20260328_0015_N01_run04,benign_campaign_20260328_0015_N01_run04.pcap,N01,normal_icmp,normal,10,1,ok,172.30.1.23,172.30.1.21,2026-03-28T10:38:44Z,ubuntu ping meta2,train
benign_campaign_20260328_0015,benign_campaign_20260328_0015_N01_run05,benign_campaign_20260328_0015_N01_run05.pcap,N01,normal_icmp,normal,10,1,ok,172.30.1.23,172.30.1.21,2026-03-28T10:39:31Z,ubuntu ping meta2,train
benign_campaign_20260328_0015,benign_campaign_20260328_0015_N01_run06,benign_campaign_20260328_0015_N01_run06.pcap,N01,normal_icmp,normal,10,1,ok,172.30.1.23,172.30.1.21,2026-03-28T10:40:18Z,ubuntu ping meta2,train
first_campaign_20260327_2212,first_campaign_20260327_2212_N01,first_campaign_20260327_2212_N01.pcap,N01,normal_icmp,normal,10,1,ok,172.30.1.23,172.30.1.21,2026-03-28T02:11:41Z,ubuntu ping meta2,validation
second_campaign_20260327_2220,second_campaign_20260327_2220_N01_run01,second_campaign_20260327_2220_N01_run01.pcap,N01,normal_icmp,normal,10,1,ok,172.30.1.23,172.30.1.21,2026-03-28T02:28:49Z,ubuntu ping meta2,test
second_campaign_20260327_2220,second_campaign_20260327_2220_N01_run02,second_campaign_20260327_2220_N01_run02.pcap,N01,normal_icmp,normal,10,1,ok,172.30.1.23,172.30.1.21,2026-03-28T02:30:44Z,ubuntu ping meta2,test
benign_campaign_20260328_0015,benign_campaign_20260328_0015_N02_run01,benign_campaign_20260328_0015_N02_run01.pcap,N02,normal_http,normal,10,1,ok,172.30.1.23,172.30.1.21,2026-03-28T10:36:32Z,ubuntu curl meta2 http,train
benign_campaign_20260328_0015,benign_campaign_20260328_0015_N02_run02,benign_campaign_20260328_0015_N02_run02.pcap,N02,normal_http,normal,12,1,ok,172.30.1.23,172.30.1.21,2026-03-28T10:37:18Z,ubuntu curl meta2 http,train
benign_campaign_20260328_0015,benign_campaign_20260328_0015_N02_run03,benign_campaign_20260328_0015_N02_run03.pcap,N02,normal_http,normal,10,1,ok,172.30.1.23,172.30.1.21,2026-03-28T10:38:06Z,ubuntu curl meta2 http,train
benign_campaign_20260328_0015,benign_campaign_20260328_0015_N02_run04,benign_campaign_20260328_0015_N02_run04.pcap,N02,normal_http,normal,10,1,ok,172.30.1.23,172.30.1.21,2026-03-28T10:38:55Z,ubuntu curl meta2 http,train
benign_campaign_20260328_0015,benign_campaign_20260328_0015_N02_run05,benign_campaign_20260328_0015_N02_run05.pcap,N02,normal_http,normal,10,1,ok,172.30.1.23,172.30.1.21,2026-03-28T10:39:42Z,ubuntu curl meta2 http,train
benign_campaign_20260328_0015,benign_campaign_20260328_0015_N02_run06,benign_campaign_20260328_0015_N02_run06.pcap,N02,normal_http,normal,10,1,ok,172.30.1.23,172.30.1.21,2026-03-28T10:40:27Z,ubuntu curl meta2 http,train
first_campaign_20260327_2212,first_campaign_20260327_2212_N02,first_campaign_20260327_2212_N02.pcap,N02,normal_http,normal,16,1,ok,172.30.1.23,172.30.1.21,2026-03-28T02:11:51Z,ubuntu curl meta2 http,validation
second_campaign_20260327_2220,second_campaign_20260327_2220_N02_run01,second_campaign_20260327_2220_N02_run01.pcap,N02,normal_http,normal,10,1,ok,172.30.1.23,172.30.1.21,2026-03-28T02:28:58Z,ubuntu curl meta2 http,test
second_campaign_20260327_2220,second_campaign_20260327_2220_N02_run02,second_campaign_20260327_2220_N02_run02.pcap,N02,normal_http,normal,10,1,ok,172.30.1.23,172.30.1.21,2026-03-28T02:30:55Z,ubuntu curl meta2 http,test
benign_campaign_20260328_0015,benign_campaign_20260328_0015_N03_run01,benign_campaign_20260328_0015_N03_run01.pcap,N03,normal_http,normal,12,1,ok,172.30.1.23,172.30.1.24,2026-03-28T10:36:37Z,ubuntu curl meta3 http,train
benign_campaign_20260328_0015,benign_campaign_20260328_0015_N03_run02,benign_campaign_20260328_0015_N03_run02.pcap,N03,normal_http,normal,10,1,ok,172.30.1.23,172.30.1.24,2026-03-28T10:37:24Z,ubuntu curl meta3 http,train
benign_campaign_20260328_0015,benign_campaign_20260328_0015_N03_run03,benign_campaign_20260328_0015_N03_run03.pcap,N03,normal_http,normal,12,1,ok,172.30.1.23,172.30.1.24,2026-03-28T10:38:11Z,ubuntu curl meta3 http,train
benign_campaign_20260328_0015,benign_campaign_20260328_0015_N03_run04,benign_campaign_20260328_0015_N03_run04.pcap,N03,normal_http,normal,11,1,ok,172.30.1.23,172.30.1.24,2026-03-28T10:39:00Z,ubuntu curl meta3 http,train
benign_campaign_20260328_0015,benign_campaign_20260328_0015_N03_run05,benign_campaign_20260328_0015_N03_run05.pcap,N03,normal_http,normal,12,1,ok,172.30.1.23,172.30.1.24,2026-03-28T10:39:47Z,ubuntu curl meta3 http,train
benign_campaign_20260328_0015,benign_campaign_20260328_0015_N03_run06,benign_campaign_20260328_0015_N03_run06.pcap,N03,normal_http,normal,12,1,ok,172.30.1.23,172.30.1.24,2026-03-28T10:40:32Z,ubuntu curl meta3 http,train
first_campaign_20260327_2212,first_campaign_20260327_2212_N03,first_campaign_20260327_2212_N03.pcap,N03,normal_http,normal,12,1,ok,172.30.1.23,172.30.1.24,2026-03-28T02:11:57Z,ubuntu curl meta3 http,validation
second_campaign_20260327_2220,second_campaign_20260327_2220_N03_run01,second_campaign_20260327_2220_N03_run01.pcap,N03,normal_http,normal,12,1,ok,172.30.1.23,172.30.1.24,2026-03-28T02:29:03Z,ubuntu curl meta3 http,test
second_campaign_20260327_2220,second_campaign_20260327_2220_N03_run02,second_campaign_20260327_2220_N03_run02.pcap,N03,normal_http,normal,12,1,ok,172.30.1.23,172.30.1.24,2026-03-28T02:31:00Z,ubuntu curl meta3 http,test
benign_campaign_20260328_0015,benign_campaign_20260328_0015_N06_run01,benign_campaign_20260328_0015_N06_run01.pcap,N06,normal_dns,normal,2,1,ok,172.30.1.23,172.30.1.20,2026-03-28T10:36:42Z,ubuntu dig query to kali dnsmasq,train
benign_campaign_20260328_0015,benign_campaign_20260328_0015_N06_run02,benign_campaign_20260328_0015_N06_run02.pcap,N06,normal_dns,normal,2,1,ok,172.30.1.23,172.30.1.20,2026-03-28T10:37:31Z,ubuntu dig query to kali dnsmasq,train
benign_campaign_20260328_0015,benign_campaign_20260328_0015_N06_run03,benign_campaign_20260328_0015_N06_run03.pcap,N06,normal_dns,normal,2,1,ok,172.30.1.23,172.30.1.20,2026-03-28T10:38:16Z,ubuntu dig query to kali dnsmasq,train
benign_campaign_20260328_0015,benign_campaign_20260328_0015_N06_run04,benign_campaign_20260328_0015_N06_run04.pcap,N06,normal_dns,normal,2,1,ok,172.30.1.23,172.30.1.20,2026-03-28T10:39:06Z,ubuntu dig query to kali dnsmasq,train
benign_campaign_20260328_0015,benign_campaign_20260328_0015_N06_run05,benign_campaign_20260328_0015_N06_run05.pcap,N06,normal_dns,normal,2,1,ok,172.30.1.23,172.30.1.20,2026-03-28T10:39:52Z,ubuntu dig query to kali dnsmasq,train
benign_campaign_20260328_0015,benign_campaign_20260328_0015_N06_run06,benign_campaign_20260328_0015_N06_run06.pcap,N06,normal_dns,normal,13,5,ok,172.30.1.23,172.30.1.20,2026-03-28T10:40:38Z,ubuntu dig query to kali dnsmasq,train
second_campaign_20260327_2220,second_campaign_20260327_2220_N06_run01,second_campaign_20260327_2220_N06_run01.pcap,N06,normal_dns,normal,2,1,ok,172.30.1.23,172.30.1.20,2026-03-28T02:29:08Z,ubuntu dig query to kali dnsmasq,validation
second_campaign_20260327_2220,second_campaign_20260327_2220_N06_run02,second_campaign_20260327_2220_N06_run02.pcap,N06,normal_dns,normal,2,1,ok,172.30.1.23,172.30.1.20,2026-03-28T02:31:05Z,ubuntu dig query to kali dnsmasq,test
benign_campaign_20260328_0015,benign_campaign_20260328_0015_N07_run01,benign_campaign_20260328_0015_N07_run01.pcap,N07,normal_bulk_tcp,normal,4595,2,ok,172.30.1.23,172.30.1.20,2026-03-28T10:36:50Z,ubuntu iperf3 tcp to kali,train
benign_campaign_20260328_0015,benign_campaign_20260328_0015_N07_run02,benign_campaign_20260328_0015_N07_run02.pcap,N07,normal_bulk_tcp,normal,5024,2,ok,172.30.1.23,172.30.1.20,2026-03-28T10:37:38Z,ubuntu iperf3 tcp to kali,train
benign_campaign_20260328_0015,benign_campaign_20260328_0015_N07_run03,benign_campaign_20260328_0015_N07_run03.pcap,N07,normal_bulk_tcp,normal,5196,2,ok,172.30.1.23,172.30.1.20,2026-03-28T10:38:25Z,ubuntu iperf3 tcp to kali,train
benign_campaign_20260328_0015,benign_campaign_20260328_0015_N07_run04,benign_campaign_20260328_0015_N07_run04.pcap,N07,normal_bulk_tcp,normal,4122,2,ok,172.30.1.23,172.30.1.20,2026-03-28T10:39:13Z,ubuntu iperf3 tcp to kali,train
benign_campaign_20260328_0015,benign_campaign_20260328_0015_N07_run05,benign_campaign_20260328_0015_N07_run05.pcap,N07,normal_bulk_tcp,normal,4925,2,ok,172.30.1.23,172.30.1.20,2026-03-28T10:40:00Z,ubuntu iperf3 tcp to kali,train
benign_campaign_20260328_0015,benign_campaign_20260328_0015_N07_run06,benign_campaign_20260328_0015_N07_run06.pcap,N07,normal_bulk_tcp,normal,5089,4,ok,172.30.1.23,172.30.1.20,2026-03-28T10:40:46Z,ubuntu iperf3 tcp to kali,train
second_campaign_20260327_2220,second_campaign_20260327_2220_N07_run01,second_campaign_20260327_2220_N07_run01.pcap,N07,normal_bulk_tcp,normal,5723,2,ok,172.30.1.23,172.30.1.20,2026-03-28T02:29:16Z,ubuntu iperf3 tcp to kali,validation
second_campaign_20260327_2220,second_campaign_20260327_2220_N07_run02,second_campaign_20260327_2220_N07_run02.pcap,N07,normal_bulk_tcp,normal,6531,2,ok,172.30.1.23,172.30.1.20,2026-03-28T02:31:12Z,ubuntu iperf3 tcp to kali,test
benign_campaign_20260328_0015,benign_campaign_20260328_0015_N11_run01,benign_campaign_20260328_0015_N11_run01.pcap,N11,normal_wget,normal,10,1,ok,172.30.1.23,172.30.1.24,2026-03-28T10:37:03Z,ubuntu wget meta3 http,train
benign_campaign_20260328_0015,benign_campaign_20260328_0015_N11_run02,benign_campaign_20260328_0015_N11_run02.pcap,N11,normal_wget,normal,11,1,ok,172.30.1.23,172.30.1.24,2026-03-28T10:37:51Z,ubuntu wget meta3 http,train
benign_campaign_20260328_0015,benign_campaign_20260328_0015_N11_run03,benign_campaign_20260328_0015_N11_run03.pcap,N11,normal_wget,normal,12,1,ok,172.30.1.23,172.30.1.24,2026-03-28T10:38:39Z,ubuntu wget meta3 http,train
benign_campaign_20260328_0015,benign_campaign_20260328_0015_N11_run04,benign_campaign_20260328_0015_N11_run04.pcap,N11,normal_wget,normal,12,1,ok,172.30.1.23,172.30.1.24,2026-03-28T10:39:26Z,ubuntu wget meta3 http,train
benign_campaign_20260328_0015,benign_campaign_20260328_0015_N11_run05,benign_campaign_20260328_0015_N11_run05.pcap,N11,normal_wget,normal,11,1,ok,172.30.1.23,172.30.1.24,2026-03-28T10:40:12Z,ubuntu wget meta3 http,train
benign_campaign_20260328_0015,benign_campaign_20260328_0015_N11_run06,benign_campaign_20260328_0015_N11_run06.pcap,N11,normal_wget,normal,12,1,ok,172.30.1.23,172.30.1.24,2026-03-28T10:40:59Z,ubuntu wget meta3 http,train
second_campaign_20260327_2220,second_campaign_20260327_2220_N11_run01,second_campaign_20260327_2220_N11_run01.pcap,N11,normal_wget,normal,12,1,ok,172.30.1.23,172.30.1.24,2026-03-28T02:29:28Z,ubuntu wget meta3 http,validation
second_campaign_20260327_2220,second_campaign_20260327_2220_N11_run02,second_campaign_20260327_2220_N11_run02.pcap,N11,normal_wget,normal,11,1,ok,172.30.1.23,172.30.1.24,2026-03-28T02:31:25Z,ubuntu wget meta3 http,test
v1_campaign_20260328_0208,v1_campaign_20260328_0208_N20_run01,v1_campaign_20260328_0208_N20_run01.pcap,N20,normal_http_short,normal,3197,301,ok,172.30.1.23,172.30.1.21,2026-03-28T12:37:57Z,ubuntu short http burst to meta2,train
v1_campaign_20260328_0208,v1_campaign_20260328_0208_N20_run02,v1_campaign_20260328_0208_N20_run02.pcap,N20,normal_http_short,normal,3140,300,ok,172.30.1.23,172.30.1.21,2026-03-28T12:40:05Z,ubuntu short http burst to meta2,train
v1_campaign_20260328_0208,v1_campaign_20260328_0208_N20_run03,v1_campaign_20260328_0208_N20_run03.pcap,N20,normal_http_short,normal,3570,304,ok,172.30.1.23,172.30.1.21,2026-03-28T12:40:49Z,ubuntu short http burst to meta2,train
v1_campaign_20260328_0208,v1_campaign_20260328_0208_N20_run04,v1_campaign_20260328_0208_N20_run04.pcap,N20,normal_http_short,normal,3291,300,ok,172.30.1.23,172.30.1.21,2026-03-28T12:42:07Z,ubuntu short http burst to meta2,train
v1_campaign_20260328_0208,v1_campaign_20260328_0208_N20_run05,v1_campaign_20260328_0208_N20_run05.pcap,N20,normal_http_short,normal,3489,300,ok,172.30.1.23,172.30.1.21,2026-03-28T12:42:54Z,ubuntu short http burst to meta2,train
v1_campaign_20260328_0208,v1_campaign_20260328_0208_N20_run06,v1_campaign_20260328_0208_N20_run06.pcap,N20,normal_http_short,normal,3259,300,ok,172.30.1.23,172.30.1.21,2026-03-28T12:43:46Z,ubuntu short http burst to meta2,train
v1_campaign_20260328_0208,v1_campaign_20260328_0208_N20_run07,v1_campaign_20260328_0208_N20_run07.pcap,N20,normal_http_short,normal,3295,300,ok,172.30.1.23,172.30.1.21,2026-03-28T12:44:31Z,ubuntu short http burst to meta2,train
v1_campaign_20260328_0208,v1_campaign_20260328_0208_N20_run08,v1_campaign_20260328_0208_N20_run08.pcap,N20,normal_http_short,normal,3290,301,ok,172.30.1.23,172.30.1.21,2026-03-28T12:45:16Z,ubuntu short http burst to meta2,train
v1_campaign_20260328_0208,v1_campaign_20260328_0208_N20_run09,v1_campaign_20260328_0208_N20_run09.pcap,N20,normal_http_short,normal,3254,300,ok,172.30.1.23,172.30.1.21,2026-03-28T12:46:00Z,ubuntu short http burst to meta2,train
v1_campaign_20260328_0208,v1_campaign_20260328_0208_N20_run10,v1_campaign_20260328_0208_N20_run10.pcap,N20,normal_http_short,normal,3323,300,ok,172.30.1.23,172.30.1.21,2026-03-28T12:46:43Z,ubuntu short http burst to meta2,train
v1_campaign_20260328_0208,v1_campaign_20260328_0208_N20_run11,v1_campaign_20260328_0208_N20_run11.pcap,N20,normal_http_short,normal,3283,300,ok,172.30.1.23,172.30.1.21,2026-03-28T12:47:28Z,ubuntu short http burst to meta2,train
v1_campaign_20260328_0208,v1_campaign_20260328_0208_N20_run12,v1_campaign_20260328_0208_N20_run12.pcap,N20,normal_http_short,normal,3277,300,ok,172.30.1.23,172.30.1.21,2026-03-28T12:48:09Z,ubuntu short http burst to meta2,train
v1_campaign_20260328_0208,v1_campaign_20260328_0208_N20_run13,v1_campaign_20260328_0208_N20_run13.pcap,N20,normal_http_short,normal,3255,300,ok,172.30.1.23,172.30.1.21,2026-03-28T12:48:56Z,ubuntu short http burst to meta2,train
v1_campaign_20260328_0208,v1_campaign_20260328_0208_N20_run14,v1_campaign_20260328_0208_N20_run14.pcap,N20,normal_http_short,normal,3127,300,ok,172.30.1.23,172.30.1.21,2026-03-28T12:49:38Z,ubuntu short http burst to meta2,train
v1_campaign_20260328_0208,v1_campaign_20260328_0208_N20_run15,v1_campaign_20260328_0208_N20_run15.pcap,N20,normal_http_short,normal,3222,301,ok,172.30.1.23,172.30.1.21,2026-03-28T12:50:14Z,ubuntu short http burst to meta2,validation
v1_campaign_20260328_0208,v1_campaign_20260328_0208_N20_run16,v1_campaign_20260328_0208_N20_run16.pcap,N20,normal_http_short,normal,3361,300,ok,172.30.1.23,172.30.1.21,2026-03-28T12:50:56Z,ubuntu short http burst to meta2,validation
v1_campaign_20260328_0208,v1_campaign_20260328_0208_N20_run17,v1_campaign_20260328_0208_N20_run17.pcap,N20,normal_http_short,normal,3135,300,ok,172.30.1.23,172.30.1.21,2026-03-28T12:51:49Z,ubuntu short http burst to meta2,validation
v1_campaign_20260328_0208,v1_campaign_20260328_0208_N20_run18,v1_campaign_20260328_0208_N20_run18.pcap,N20,normal_http_short,normal,3083,300,ok,172.30.1.23,172.30.1.21,2026-03-28T12:52:21Z,ubuntu short http burst to meta2,test
v1_campaign_20260328_0208,v1_campaign_20260328_0208_N20_run19,v1_campaign_20260328_0208_N20_run19.pcap,N20,normal_http_short,normal,3204,305,ok,172.30.1.23,172.30.1.21,2026-03-28T12:52:54Z,ubuntu short http burst to meta2,test
v1_campaign_20260328_0208,v1_campaign_20260328_0208_N20_run20,v1_campaign_20260328_0208_N20_run20.pcap,N20,normal_http_short,normal,3158,300,ok,172.30.1.23,172.30.1.21,2026-03-28T12:53:30Z,ubuntu short http burst to meta2,test
v1_campaign_20260328_0208,v1_campaign_20260328_0208_N21_run01,v1_campaign_20260328_0208_N21_run01.pcap,N21,normal_http_short,normal,3000,300,ok,172.30.1.23,172.30.1.24,2026-03-28T12:54:06Z,ubuntu short http burst to meta3,train
v1_campaign_20260328_0208,v1_campaign_20260328_0208_N21_run02,v1_campaign_20260328_0208_N21_run02.pcap,N21,normal_http_short,normal,3000,300,ok,172.30.1.23,172.30.1.24,2026-03-28T12:54:22Z,ubuntu short http burst to meta3,train
v1_campaign_20260328_0208,v1_campaign_20260328_0208_N21_run03,v1_campaign_20260328_0208_N21_run03.pcap,N21,normal_http_short,normal,3000,300,ok,172.30.1.23,172.30.1.24,2026-03-28T12:54:40Z,ubuntu short http burst to meta3,train
v1_campaign_20260328_0208,v1_campaign_20260328_0208_N21_run04,v1_campaign_20260328_0208_N21_run04.pcap,N21,normal_http_short,normal,3000,300,ok,172.30.1.23,172.30.1.24,2026-03-28T12:55:01Z,ubuntu short http burst to meta3,train
v1_campaign_20260328_0208,v1_campaign_20260328_0208_N21_run05,v1_campaign_20260328_0208_N21_run05.pcap,N21,normal_http_short,normal,3000,300,ok,172.30.1.23,172.30.1.24,2026-03-28T12:55:31Z,ubuntu short http burst to meta3,train
v1_campaign_20260328_0208,v1_campaign_20260328_0208_N21_run06,v1_campaign_20260328_0208_N21_run06.pcap,N21,normal_http_short,normal,3001,300,ok,172.30.1.23,172.30.1.24,2026-03-28T12:55:56Z,ubuntu short http burst to meta3,train
v1_campaign_20260328_0208,v1_campaign_20260328_0208_N21_run07,v1_campaign_20260328_0208_N21_run07.pcap,N21,normal_http_short,normal,3000,300,ok,172.30.1.23,172.30.1.24,2026-03-28T12:56:23Z,ubuntu short http burst to meta3,train
v1_campaign_20260328_0208,v1_campaign_20260328_0208_N21_run08,v1_campaign_20260328_0208_N21_run08.pcap,N21,normal_http_short,normal,3000,300,ok,172.30.1.23,172.30.1.24,2026-03-28T12:56:45Z,ubuntu short http burst to meta3,train
v1_campaign_20260328_0208,v1_campaign_20260328_0208_N21_run09,v1_campaign_20260328_0208_N21_run09.pcap,N21,normal_http_short,normal,3000,300,ok,172.30.1.23,172.30.1.24,2026-03-28T12:57:05Z,ubuntu short http burst to meta3,train
v1_campaign_20260328_0208,v1_campaign_20260328_0208_N21_run10,v1_campaign_20260328_0208_N21_run10.pcap,N21,normal_http_short,normal,3002,301,ok,172.30.1.23,172.30.1.24,2026-03-28T12:57:27Z,ubuntu short http burst to meta3,train
v1_campaign_20260328_0208,v1_campaign_20260328_0208_N21_run11,v1_campaign_20260328_0208_N21_run11.pcap,N21,normal_http_short,normal,3000,300,ok,172.30.1.23,172.30.1.24,2026-03-28T12:57:47Z,ubuntu short http burst to meta3,train
v1_campaign_20260328_0208,v1_campaign_20260328_0208_N21_run12,v1_campaign_20260328_0208_N21_run12.pcap,N21,normal_http_short,normal,3000,300,ok,172.30.1.23,172.30.1.24,2026-03-28T12:58:07Z,ubuntu short http burst to meta3,train
v1_campaign_20260328_0208,v1_campaign_20260328_0208_N21_run13,v1_campaign_20260328_0208_N21_run13.pcap,N21,normal_http_short,normal,3000,300,ok,172.30.1.23,172.30.1.24,2026-03-28T12:58:32Z,ubuntu short http burst to meta3,train
v1_campaign_20260328_0208,v1_campaign_20260328_0208_N21_run14,v1_campaign_20260328_0208_N21_run14.pcap,N21,normal_http_short,normal,3000,300,ok,172.30.1.23,172.30.1.24,2026-03-28T12:58:53Z,ubuntu short http burst to meta3,train
v1_campaign_20260328_0208,v1_campaign_20260328_0208_N21_run15,v1_campaign_20260328_0208_N21_run15.pcap,N21,normal_http_short,normal,3002,300,ok,172.30.1.23,172.30.1.24,2026-03-28T12:59:13Z,ubuntu short http burst to meta3,validation
v1_campaign_20260328_0208,v1_campaign_20260328_0208_N21_run16,v1_campaign_20260328_0208_N21_run16.pcap,N21,normal_http_short,normal,3000,300,ok,172.30.1.23,172.30.1.24,2026-03-28T12:59:35Z,ubuntu short http burst to meta3,validation
v1_campaign_20260328_0208,v1_campaign_20260328_0208_N21_run17,v1_campaign_20260328_0208_N21_run17.pcap,N21,normal_http_short,normal,3000,300,ok,172.30.1.23,172.30.1.24,2026-03-28T12:59:57Z,ubuntu short http burst to meta3,validation
v1_campaign_20260328_0208,v1_campaign_20260328_0208_N21_run18,v1_campaign_20260328_0208_N21_run18.pcap,N21,normal_http_short,normal,3001,300,ok,172.30.1.23,172.30.1.24,2026-03-28T13:00:17Z,ubuntu short http burst to meta3,test
v1_campaign_20260328_0208,v1_campaign_20260328_0208_N21_run19,v1_campaign_20260328_0208_N21_run19.pcap,N21,normal_http_short,normal,3000,300,ok,172.30.1.23,172.30.1.24,2026-03-28T13:00:43Z,ubuntu short http burst to meta3,test
v1_campaign_20260328_0208,v1_campaign_20260328_0208_N21_run20,v1_campaign_20260328_0208_N21_run20.pcap,N21,normal_http_short,normal,3000,300,ok,172.30.1.23,172.30.1.24,2026-03-28T13:01:08Z,ubuntu short http burst to meta3,test
v1_campaign_20260328_0208,v1_campaign_20260328_0208_N22_run01,v1_campaign_20260328_0208_N22_run01.pcap,N22,normal_dns_burst,normal,1017,503,ok,172.30.1.23,172.30.1.20,2026-03-28T13:01:34Z,ubuntu dns burst to kali dnsmasq,train
v1_campaign_20260328_0208,v1_campaign_20260328_0208_N22_run02,v1_campaign_20260328_0208_N22_run02.pcap,N22,normal_dns_burst,normal,1004,497,ok,172.30.1.23,172.30.1.20,2026-03-28T13:05:24Z,ubuntu dns burst to kali dnsmasq,train
v1_campaign_20260328_0208,v1_campaign_20260328_0208_N22_run03,v1_campaign_20260328_0208_N22_run03.pcap,N22,normal_dns_burst,normal,1000,497,ok,172.30.1.23,172.30.1.20,2026-03-28T13:11:37Z,ubuntu dns burst to kali dnsmasq,train
v1_campaign_20260328_0208,v1_campaign_20260328_0208_N22_run04,v1_campaign_20260328_0208_N22_run04.pcap,N22,normal_dns_burst,normal,1019,499,ok,172.30.1.23,172.30.1.20,2026-03-28T13:13:49Z,ubuntu dns burst to kali dnsmasq,train
v1_campaign_20260328_0208,v1_campaign_20260328_0208_N22_run05,v1_campaign_20260328_0208_N22_run05.pcap,N22,normal_dns_burst,normal,1002,500,ok,172.30.1.23,172.30.1.20,2026-03-28T13:18:51Z,ubuntu dns burst to kali dnsmasq,train
v1_campaign_20260328_0208,v1_campaign_20260328_0208_N22_run06,v1_campaign_20260328_0208_N22_run06.pcap,N22,normal_dns_burst,normal,994,496,ok,172.30.1.23,172.30.1.20,2026-03-28T13:23:49Z,ubuntu dns burst to kali dnsmasq,train
v1_campaign_20260328_0208,v1_campaign_20260328_0208_N22_run07,v1_campaign_20260328_0208_N22_run07.pcap,N22,normal_dns_burst,normal,1007,501,ok,172.30.1.23,172.30.1.20,2026-03-28T13:27:07Z,ubuntu dns burst to kali dnsmasq,train
v1_campaign_20260328_0208,v1_campaign_20260328_0208_N22_run08,v1_campaign_20260328_0208_N22_run08.pcap,N22,normal_dns_burst,normal,1014,500,ok,172.30.1.23,172.30.1.20,2026-03-28T13:29:23Z,ubuntu dns burst to kali dnsmasq,validation
v1_campaign_20260328_0208,v1_campaign_20260328_0208_N22_run09,v1_campaign_20260328_0208_N22_run09.pcap,N22,normal_dns_burst,normal,1000,499,ok,172.30.1.23,172.30.1.20,2026-03-28T13:29:53Z,ubuntu dns burst to kali dnsmasq,validation
v1_campaign_20260328_0208,v1_campaign_20260328_0208_N22_run10,v1_campaign_20260328_0208_N22_run10.pcap,N22,normal_dns_burst,normal,1002,499,ok,172.30.1.23,172.30.1.20,2026-03-28T13:30:53Z,ubuntu dns burst to kali dnsmasq,test
v1_campaign_20260328_0208,v1_campaign_20260328_0208_N23_run01,v1_campaign_20260328_0208_N23_run01.pcap,N23,normal_ssh_short,normal,5617,151,ok,172.30.1.23,172.30.1.24,2026-03-28T13:38:08Z,ubuntu repeated ssh one-shot to meta3,train
v1_campaign_20260328_0208,v1_campaign_20260328_0208_N23_run02,v1_campaign_20260328_0208_N23_run02.pcap,N23,normal_ssh_short,normal,5624,150,ok,172.30.1.23,172.30.1.24,2026-03-28T13:39:04Z,ubuntu repeated ssh one-shot to meta3,train
v1_campaign_20260328_0208,v1_campaign_20260328_0208_N23_run03,v1_campaign_20260328_0208_N23_run03.pcap,N23,normal_ssh_short,normal,5623,150,ok,172.30.1.23,172.30.1.24,2026-03-28T13:39:56Z,ubuntu repeated ssh one-shot to meta3,train
v1_campaign_20260328_0208,v1_campaign_20260328_0208_N23_run04,v1_campaign_20260328_0208_N23_run04.pcap,N23,normal_ssh_short,normal,5632,154,ok,172.30.1.23,172.30.1.24,2026-03-28T13:40:48Z,ubuntu repeated ssh one-shot to meta3,train
v1_campaign_20260328_0208,v1_campaign_20260328_0208_N23_run05,v1_campaign_20260328_0208_N23_run05.pcap,N23,normal_ssh_short,normal,5607,150,ok,172.30.1.23,172.30.1.24,2026-03-28T13:41:39Z,ubuntu repeated ssh one-shot to meta3,train
v1_campaign_20260328_0208,v1_campaign_20260328_0208_N23_run06,v1_campaign_20260328_0208_N23_run06.pcap,N23,normal_ssh_short,normal,5637,150,ok,172.30.1.23,172.30.1.24,2026-03-28T13:42:31Z,ubuntu repeated ssh one-shot to meta3,train
v1_campaign_20260328_0208,v1_campaign_20260328_0208_N23_run07,v1_campaign_20260328_0208_N23_run07.pcap,N23,normal_ssh_short,normal,5614,150,ok,172.30.1.23,172.30.1.24,2026-03-28T13:43:23Z,ubuntu repeated ssh one-shot to meta3,train
v1_campaign_20260328_0208,v1_campaign_20260328_0208_N23_run08,v1_campaign_20260328_0208_N23_run08.pcap,N23,normal_ssh_short,normal,5613,150,ok,172.30.1.23,172.30.1.24,2026-03-28T13:44:15Z,ubuntu repeated ssh one-shot to meta3,validation
v1_campaign_20260328_0208,v1_campaign_20260328_0208_N23_run09,v1_campaign_20260328_0208_N23_run09.pcap,N23,normal_ssh_short,normal,5642,151,ok,172.30.1.23,172.30.1.24,2026-03-28T13:45:07Z,ubuntu repeated ssh one-shot to meta3,validation
v1_campaign_20260328_0208,v1_campaign_20260328_0208_N23_run10,v1_campaign_20260328_0208_N23_run10.pcap,N23,normal_ssh_short,normal,5621,150,ok,172.30.1.23,172.30.1.24,2026-03-28T13:45:59Z,ubuntu repeated ssh one-shot to meta3,test
v1_campaign_20260328_0208,v1_campaign_20260328_0208_N24_run01,v1_campaign_20260328_0208_N24_run01.pcap,N24,normal_wget_burst,normal,1200,120,ok,172.30.1.23,172.30.1.24,2026-03-28T13:46:50Z,ubuntu wget burst to meta3 http,train
v1_campaign_20260328_0208,v1_campaign_20260328_0208_N24_run02,v1_campaign_20260328_0208_N24_run02.pcap,N24,normal_wget_burst,normal,1200,120,ok,172.30.1.23,172.30.1.24,2026-03-28T13:46:58Z,ubuntu wget burst to meta3 http,train
v1_campaign_20260328_0208,v1_campaign_20260328_0208_N24_run03,v1_campaign_20260328_0208_N24_run03.pcap,N24,normal_wget_burst,normal,1200,120,ok,172.30.1.23,172.30.1.24,2026-03-28T13:47:05Z,ubuntu wget burst to meta3 http,train
v1_campaign_20260328_0208,v1_campaign_20260328_0208_N24_run04,v1_campaign_20260328_0208_N24_run04.pcap,N24,normal_wget_burst,normal,1200,120,ok,172.30.1.23,172.30.1.24,2026-03-28T13:47:13Z,ubuntu wget burst to meta3 http,train
v1_campaign_20260328_0208,v1_campaign_20260328_0208_N24_run05,v1_campaign_20260328_0208_N24_run05.pcap,N24,normal_wget_burst,normal,1200,120,ok,172.30.1.23,172.30.1.24,2026-03-28T13:47:21Z,ubuntu wget burst to meta3 http,train
v1_campaign_20260328_0208,v1_campaign_20260328_0208_N24_run06,v1_campaign_20260328_0208_N24_run06.pcap,N24,normal_wget_burst,normal,1200,120,ok,172.30.1.23,172.30.1.24,2026-03-28T13:47:28Z,ubuntu wget burst to meta3 http,train
v1_campaign_20260328_0208,v1_campaign_20260328_0208_N24_run07,v1_campaign_20260328_0208_N24_run07.pcap,N24,normal_wget_burst,normal,1200,120,ok,172.30.1.23,172.30.1.24,2026-03-28T13:47:36Z,ubuntu wget burst to meta3 http,train
v1_campaign_20260328_0208,v1_campaign_20260328_0208_N24_run08,v1_campaign_20260328_0208_N24_run08.pcap,N24,normal_wget_burst,normal,1200,120,ok,172.30.1.23,172.30.1.24,2026-03-28T13:47:43Z,ubuntu wget burst to meta3 http,validation
v1_campaign_20260328_0208,v1_campaign_20260328_0208_N24_run09,v1_campaign_20260328_0208_N24_run09.pcap,N24,normal_wget_burst,normal,1200,120,ok,172.30.1.23,172.30.1.24,2026-03-28T13:47:51Z,ubuntu wget burst to meta3 http,validation
v1_campaign_20260328_0208,v1_campaign_20260328_0208_N24_run10,v1_campaign_20260328_0208_N24_run10.pcap,N24,normal_wget_burst,normal,1200,120,ok,172.30.1.23,172.30.1.24,2026-03-28T13:47:59Z,ubuntu wget burst to meta3 http,test
v1_campaign_20260328_0208,v1_campaign_20260328_0208_N30_run01,v1_campaign_20260328_0208_N30_run01.pcap,N30,normal_https_short,normal,4568,300,ok,172.30.1.23,172.30.1.24,2026-03-28T13:48:07Z,ubuntu short https burst to meta3,train
v1_campaign_20260328_0208,v1_campaign_20260328_0208_N30_run02,v1_campaign_20260328_0208_N30_run02.pcap,N30,normal_https_short,normal,4563,300,ok,172.30.1.23,172.30.1.24,2026-03-28T13:48:31Z,ubuntu short https burst to meta3,train
v1_campaign_20260328_0208,v1_campaign_20260328_0208_N30_run03,v1_campaign_20260328_0208_N30_run03.pcap,N30,normal_https_short,normal,4564,300,ok,172.30.1.23,172.30.1.24,2026-03-28T13:48:50Z,ubuntu short https burst to meta3,train
v1_campaign_20260328_0208,v1_campaign_20260328_0208_N30_run04,v1_campaign_20260328_0208_N30_run04.pcap,N30,normal_https_short,normal,4557,300,ok,172.30.1.23,172.30.1.24,2026-03-28T13:49:09Z,ubuntu short https burst to meta3,train
v1_campaign_20260328_0208,v1_campaign_20260328_0208_N30_run05,v1_campaign_20260328_0208_N30_run05.pcap,N30,normal_https_short,normal,4552,296,ok,172.30.1.23,172.30.1.24,2026-03-28T13:49:29Z,ubuntu short https burst to meta3,train
v1_campaign_20260328_0208,v1_campaign_20260328_0208_N30_run06,v1_campaign_20260328_0208_N30_run06.pcap,N30,normal_https_short,normal,4569,300,ok,172.30.1.23,172.30.1.24,2026-03-28T13:49:49Z,ubuntu short https burst to meta3,train
v1_campaign_20260328_0208,v1_campaign_20260328_0208_N30_run07,v1_campaign_20260328_0208_N30_run07.pcap,N30,normal_https_short,normal,4579,300,ok,172.30.1.23,172.30.1.24,2026-03-28T13:50:09Z,ubuntu short https burst to meta3,train
v1_campaign_20260328_0208,v1_campaign_20260328_0208_N30_run08,v1_campaign_20260328_0208_N30_run08.pcap,N30,normal_https_short,normal,4564,301,ok,172.30.1.23,172.30.1.24,2026-03-28T13:50:29Z,ubuntu short https burst to meta3,train
v1_campaign_20260328_0208,v1_campaign_20260328_0208_N30_run09,v1_campaign_20260328_0208_N30_run09.pcap,N30,normal_https_short,normal,4563,300,ok,172.30.1.23,172.30.1.24,2026-03-28T13:50:48Z,ubuntu short https burst to meta3,train
v1_campaign_20260328_0208,v1_campaign_20260328_0208_N30_run10,v1_campaign_20260328_0208_N30_run10.pcap,N30,normal_https_short,normal,4573,300,ok,172.30.1.23,172.30.1.24,2026-03-28T13:51:08Z,ubuntu short https burst to meta3,train
v1_campaign_20260328_0208,v1_campaign_20260328_0208_N30_run11,v1_campaign_20260328_0208_N30_run11.pcap,N30,normal_https_short,normal,4575,300,ok,172.30.1.23,172.30.1.24,2026-03-28T13:51:27Z,ubuntu short https burst to meta3,validation
v1_campaign_20260328_0208,v1_campaign_20260328_0208_N30_run12,v1_campaign_20260328_0208_N30_run12.pcap,N30,normal_https_short,normal,4572,300,ok,172.30.1.23,172.30.1.24,2026-03-28T13:51:49Z,ubuntu short https burst to meta3,validation
v1_campaign_20260328_0208,v1_campaign_20260328_0208_N30_run13,v1_campaign_20260328_0208_N30_run13.pcap,N30,normal_https_short,normal,4546,300,ok,172.30.1.23,172.30.1.24,2026-03-28T13:52:08Z,ubuntu short https burst to meta3,test
v1_campaign_20260328_0208,v1_campaign_20260328_0208_N30_run14,v1_campaign_20260328_0208_N30_run14.pcap,N30,normal_https_short,normal,4571,300,ok,172.30.1.23,172.30.1.24,2026-03-28T13:52:28Z,ubuntu short https burst to meta3,test
v1_campaign_20260328_0208,v1_campaign_20260328_0208_N30_run15,v1_campaign_20260328_0208_N30_run15.pcap,N30,normal_https_short,normal,4566,300,ok,172.30.1.23,172.30.1.24,2026-03-28T13:52:48Z,ubuntu short https burst to meta3,test
v2_complement_20260328_1225,v2_complement_20260328_1225_N31_run01,v2_complement_20260328_1225_N31_run01.pcap,N31,normal_https_download,normal,15576,80,ok,172.30.1.23,172.30.1.24,2026-03-28T16:02:10Z,ubuntu repeated https downloads from meta3,train
v2_complement_20260328_1225,v2_complement_20260328_1225_N31_run02,v2_complement_20260328_1225_N31_run02.pcap,N31,normal_https_download,normal,14334,80,ok,172.30.1.23,172.30.1.24,2026-03-28T16:02:40Z,ubuntu repeated https downloads from meta3,train
v2_complement_20260328_1225,v2_complement_20260328_1225_N31_run03,v2_complement_20260328_1225_N31_run03.pcap,N31,normal_https_download,normal,17912,80,ok,172.30.1.23,172.30.1.24,2026-03-28T16:03:06Z,ubuntu repeated https downloads from meta3,validation
v2_complement_20260328_1225,v2_complement_20260328_1225_N31_run04,v2_complement_20260328_1225_N31_run04.pcap,N31,normal_https_download,normal,32087,84,ok,172.30.1.23,172.30.1.24,2026-03-28T16:04:00Z,ubuntu repeated https downloads from meta3,test
v2_complement_20260328_1225,v2_complement_20260328_1225_N35_run01,v2_complement_20260328_1225_N35_run01.pcap,N35,normal_scp,normal,3398,20,ok,172.30.1.23,172.30.1.24,2026-03-28T16:06:14Z,ubuntu repeated scp to meta3,train
v2_complement_20260328_1225,v2_complement_20260328_1225_N35_run02,v2_complement_20260328_1225_N35_run02.pcap,N35,normal_scp,normal,3429,20,ok,172.30.1.23,172.30.1.24,2026-03-28T16:06:41Z,ubuntu repeated scp to meta3,validation
v2_complement_20260328_1225,v2_complement_20260328_1225_N35_run03,v2_complement_20260328_1225_N35_run03.pcap,N35,normal_scp,normal,3771,20,ok,172.30.1.23,172.30.1.24,2026-03-28T16:07:04Z,ubuntu repeated scp to meta3,test
v2_complement_20260328_1225,v2_complement_20260328_1225_N36_run01,v2_complement_20260328_1225_N36_run01.pcap,N36,normal_admin_mixed,normal,2616,50,ok,172.30.1.23,172.30.1.24,2026-03-28T16:07:33Z,ubuntu mixed ssh and scp admin activity to meta3,train
v2_complement_20260328_1225,v2_complement_20260328_1225_N36_run02,v2_complement_20260328_1225_N36_run02.pcap,N36,normal_admin_mixed,normal,2534,50,ok,172.30.1.23,172.30.1.24,2026-03-28T16:08:42Z,ubuntu mixed ssh and scp admin activity to meta3,validation
v2_complement_20260328_1225,v2_complement_20260328_1225_N36_run03,v2_complement_20260328_1225_N36_run03.pcap,N36,normal_admin_mixed,normal,2525,51,ok,172.30.1.23,172.30.1.24,2026-03-28T16:09:37Z,ubuntu mixed ssh and scp admin activity to meta3,test
first_campaign_20260327_2212,first_campaign_20260327_2212_S01,first_campaign_20260327_2212_S01.pcap,S01,scan_syn,suspect,263,128,ok,172.30.1.20,172.30.1.21,2026-03-28T02:12:02Z,kali syn scan meta2 ports 1-128,train
second_campaign_20260327_2220,second_campaign_20260327_2220_S01_run01,second_campaign_20260327_2220_S01_run01.pcap,S01,scan_syn,suspect,263,128,ok,172.30.1.20,172.30.1.21,2026-03-28T02:29:34Z,kali syn scan meta2 ports 1-128,validation
second_campaign_20260327_2220,second_campaign_20260327_2220_S01_run02,second_campaign_20260327_2220_S01_run02.pcap,S01,scan_syn,suspect,263,128,ok,172.30.1.20,172.30.1.21,2026-03-28T02:31:30Z,kali syn scan meta2 ports 1-128,test
first_campaign_20260327_2212,first_campaign_20260327_2212_S02,first_campaign_20260327_2212_S02.pcap,S02,scan_connect,suspect,278,254,ok,172.30.1.20,172.30.1.24,2026-03-28T02:12:13Z,kali connect scan meta3 ports 1-128,train
second_campaign_20260327_2220,second_campaign_20260327_2220_S02_run01,second_campaign_20260327_2220_S02_run01.pcap,S02,scan_connect,suspect,285,258,ok,172.30.1.20,172.30.1.24,2026-03-28T02:29:46Z,kali connect scan meta3 ports 1-128,validation
second_campaign_20260327_2220,second_campaign_20260327_2220_S02_run02,second_campaign_20260327_2220_S02_run02.pcap,S02,scan_connect,suspect,278,254,ok,172.30.1.20,172.30.1.24,2026-03-28T02:31:41Z,kali connect scan meta3 ports 1-128,test
second_campaign_20260327_2220,second_campaign_20260327_2220_S03_run01,second_campaign_20260327_2220_S03_run01.pcap,S03,scan_udp,suspect,41,17,ok,172.30.1.20,172.30.1.24,2026-03-28T02:29:59Z,kali udp scan meta3 selected ports,train
second_campaign_20260327_2220,second_campaign_20260327_2220_S03_run02,second_campaign_20260327_2220_S03_run02.pcap,S03,scan_udp,suspect,31,15,ok,172.30.1.20,172.30.1.24,2026-03-28T02:31:54Z,kali udp scan meta3 selected ports,test
first_campaign_20260327_2212,first_campaign_20260327_2212_S05,first_campaign_20260327_2212_S05.pcap,S05,syn_burst,suspect,60,20,ok,172.30.1.20,172.30.1.24,2026-03-28T02:12:27Z,kali syn burst meta3 port 80,train
second_campaign_20260327_2220,second_campaign_20260327_2220_S05_run01,second_campaign_20260327_2220_S05_run01.pcap,S05,syn_burst,suspect,60,20,ok,172.30.1.20,172.30.1.24,2026-03-28T02:30:12Z,kali syn burst meta3 port 80,validation
second_campaign_20260327_2220,second_campaign_20260327_2220_S05_run02,second_campaign_20260327_2220_S05_run02.pcap,S05,syn_burst,suspect,60,20,ok,172.30.1.20,172.30.1.24,2026-03-28T02:32:07Z,kali syn burst meta3 port 80,test
second_campaign_20260327_2220,second_campaign_20260327_2220_S06_run01,second_campaign_20260327_2220_S06_run01.pcap,S06,icmp_burst,suspect,80,1,ok,172.30.1.20,172.30.1.21,2026-03-28T02:30:36Z,kali icmp burst meta2,train
second_campaign_20260327_2220,second_campaign_20260327_2220_S06_run02,second_campaign_20260327_2220_S06_run02.pcap,S06,icmp_burst,suspect,80,1,ok,172.30.1.20,172.30.1.21,2026-03-28T02:32:32Z,kali icmp burst meta2,test
v1_campaign_20260328_0208,v1_campaign_20260328_0208_S20_run01,v1_campaign_20260328_0208_S20_run01.pcap,S20,scan_syn_large,suspect,2019,1005,ok,172.30.1.20,172.30.1.21,2026-03-28T13:53:08Z,kali syn scan meta2 ports 1-1000,train
v1_campaign_20260328_0208,v1_campaign_20260328_0208_S20_run02,v1_campaign_20260328_0208_S20_run02.pcap,S20,scan_syn_large,suspect,2019,1002,ok,172.30.1.20,172.30.1.21,2026-03-28T13:53:19Z,kali syn scan meta2 ports 1-1000,train
v1_campaign_20260328_0208,v1_campaign_20260328_0208_S20_run03,v1_campaign_20260328_0208_S20_run03.pcap,S20,scan_syn_large,suspect,2018,1002,ok,172.30.1.20,172.30.1.21,2026-03-28T13:53:32Z,kali syn scan meta2 ports 1-1000,train
v1_campaign_20260328_0208,v1_campaign_20260328_0208_S20_run04,v1_campaign_20260328_0208_S20_run04.pcap,S20,scan_syn_large,suspect,2012,1000,ok,172.30.1.20,172.30.1.21,2026-03-28T13:53:44Z,kali syn scan meta2 ports 1-1000,train
v1_campaign_20260328_0208,v1_campaign_20260328_0208_S20_run05,v1_campaign_20260328_0208_S20_run05.pcap,S20,scan_syn_large,suspect,2012,1000,ok,172.30.1.20,172.30.1.21,2026-03-28T13:53:56Z,kali syn scan meta2 ports 1-1000,train
v1_campaign_20260328_0208,v1_campaign_20260328_0208_S20_run06,v1_campaign_20260328_0208_S20_run06.pcap,S20,scan_syn_large,suspect,2012,1000,ok,172.30.1.20,172.30.1.21,2026-03-28T13:54:08Z,kali syn scan meta2 ports 1-1000,train
v1_campaign_20260328_0208,v1_campaign_20260328_0208_S20_run07,v1_campaign_20260328_0208_S20_run07.pcap,S20,scan_syn_large,suspect,2012,1000,ok,172.30.1.20,172.30.1.21,2026-03-28T13:54:20Z,kali syn scan meta2 ports 1-1000,validation
v1_campaign_20260328_0208,v1_campaign_20260328_0208_S20_run08,v1_campaign_20260328_0208_S20_run08.pcap,S20,scan_syn_large,suspect,2012,1000,ok,172.30.1.20,172.30.1.21,2026-03-28T13:54:31Z,kali syn scan meta2 ports 1-1000,test
v1_campaign_20260328_0208,v1_campaign_20260328_0208_S21_run01,v1_campaign_20260328_0208_S21_run01.pcap,S21,scan_connect_large,suspect,2038,1997,ok,172.30.1.20,172.30.1.24,2026-03-28T13:54:43Z,kali connect scan meta3 ports 1-1000,train
v1_campaign_20260328_0208,v1_campaign_20260328_0208_S21_run02,v1_campaign_20260328_0208_S21_run02.pcap,S21,scan_connect_large,suspect,2028,1996,ok,172.30.1.20,172.30.1.24,2026-03-28T13:54:59Z,kali connect scan meta3 ports 1-1000,train
v1_campaign_20260328_0208,v1_campaign_20260328_0208_S21_run03,v1_campaign_20260328_0208_S21_run03.pcap,S21,scan_connect_large,suspect,2032,1996,ok,172.30.1.20,172.30.1.24,2026-03-28T13:55:15Z,kali connect scan meta3 ports 1-1000,train
v1_campaign_20260328_0208,v1_campaign_20260328_0208_S21_run04,v1_campaign_20260328_0208_S21_run04.pcap,S21,scan_connect_large,suspect,2031,1996,ok,172.30.1.20,172.30.1.24,2026-03-28T13:55:31Z,kali connect scan meta3 ports 1-1000,validation
v1_campaign_20260328_0208,v1_campaign_20260328_0208_S21_run05,v1_campaign_20260328_0208_S21_run05.pcap,S21,scan_connect_large,suspect,2038,1997,ok,172.30.1.20,172.30.1.24,2026-03-28T13:55:47Z,kali connect scan meta3 ports 1-1000,test
v1_campaign_20260328_0208,v1_campaign_20260328_0208_S22_run01,v1_campaign_20260328_0208_S22_run01.pcap,S22,scan_udp_large,suspect,622,600,ok,172.30.1.20,172.30.1.24,2026-03-28T13:56:03Z,kali udp scan meta3 ports 1-300,train
v1_campaign_20260328_0208,v1_campaign_20260328_0208_S22_run02,v1_campaign_20260328_0208_S22_run02.pcap,S22,scan_udp_large,suspect,622,600,ok,172.30.1.20,172.30.1.24,2026-03-28T13:56:22Z,kali udp scan meta3 ports 1-300,train
v1_campaign_20260328_0208,v1_campaign_20260328_0208_S22_run03,v1_campaign_20260328_0208_S22_run03.pcap,S22,scan_udp_large,suspect,622,600,ok,172.30.1.20,172.30.1.24,2026-03-28T13:56:40Z,kali udp scan meta3 ports 1-300,train
v1_campaign_20260328_0208,v1_campaign_20260328_0208_S22_run04,v1_campaign_20260328_0208_S22_run04.pcap,S22,scan_udp_large,suspect,620,598,ok,172.30.1.20,172.30.1.24,2026-03-28T13:56:59Z,kali udp scan meta3 ports 1-300,train
v1_campaign_20260328_0208,v1_campaign_20260328_0208_S22_run05,v1_campaign_20260328_0208_S22_run05.pcap,S22,scan_udp_large,suspect,622,600,ok,172.30.1.20,172.30.1.24,2026-03-28T13:57:18Z,kali udp scan meta3 ports 1-300,train
v1_campaign_20260328_0208,v1_campaign_20260328_0208_S22_run06,v1_campaign_20260328_0208_S22_run06.pcap,S22,scan_udp_large,suspect,624,601,ok,172.30.1.20,172.30.1.24,2026-03-28T13:57:37Z,kali udp scan meta3 ports 1-300,train
v1_campaign_20260328_0208,v1_campaign_20260328_0208_S22_run07,v1_campaign_20260328_0208_S22_run07.pcap,S22,scan_udp_large,suspect,620,598,ok,172.30.1.20,172.30.1.24,2026-03-28T13:57:56Z,kali udp scan meta3 ports 1-300,validation
v1_campaign_20260328_0208,v1_campaign_20260328_0208_S22_run08,v1_campaign_20260328_0208_S22_run08.pcap,S22,scan_udp_large,suspect,620,598,ok,172.30.1.20,172.30.1.24,2026-03-28T13:58:15Z,kali udp scan meta3 ports 1-300,test
v2_complement_20260328_1225,v2_complement_20260328_1225_S23_run01,v2_complement_20260328_1225_S23_run01.pcap,S23,syn_burst_multiport,suspect,206,200,ok,172.30.1.20,172.30.1.24,2026-03-28T16:10:26Z,kali syn multiport burst meta3 ports 1-200,train
v2_complement_20260328_1225,v2_complement_20260328_1225_S23_run02,v2_complement_20260328_1225_S23_run02.pcap,S23,syn_burst_multiport,suspect,229,205,ok,172.30.1.20,172.30.1.24,2026-03-28T16:14:26Z,kali syn multiport burst meta3 ports 1-200,train
v2_complement_20260328_1225,v2_complement_20260328_1225_S23_run03,v2_complement_20260328_1225_S23_run03.pcap,S23,syn_burst_multiport,suspect,206,200,ok,172.30.1.20,172.30.1.24,2026-03-28T16:18:23Z,kali syn multiport burst meta3 ports 1-200,validation
v2_complement_20260328_1225,v2_complement_20260328_1225_S23_run04,v2_complement_20260328_1225_S23_run04.pcap,S23,syn_burst_multiport,suspect,208,201,ok,172.30.1.20,172.30.1.24,2026-03-28T16:22:10Z,kali syn multiport burst meta3 ports 1-200,test
v1_campaign_20260328_0208,v1_campaign_20260328_0208_S24_run01,v1_campaign_20260328_0208_S24_run01.pcap,S24,failed_connection_burst,suspect,400,200,ok,172.30.1.20,172.30.1.21,2026-03-28T14:36:20Z,kali repeated failed tcp connect meta2 port 65000,train
v1_campaign_20260328_0208,v1_campaign_20260328_0208_S24_run02,v1_campaign_20260328_0208_S24_run02.pcap,S24,failed_connection_burst,suspect,400,200,ok,172.30.1.20,172.30.1.21,2026-03-28T14:36:30Z,kali repeated failed tcp connect meta2 port 65000,train
v1_campaign_20260328_0208,v1_campaign_20260328_0208_S24_run03,v1_campaign_20260328_0208_S24_run03.pcap,S24,failed_connection_burst,suspect,400,200,ok,172.30.1.20,172.30.1.21,2026-03-28T14:36:40Z,kali repeated failed tcp connect meta2 port 65000,train
v1_campaign_20260328_0208,v1_campaign_20260328_0208_S24_run04,v1_campaign_20260328_0208_S24_run04.pcap,S24,failed_connection_burst,suspect,400,200,ok,172.30.1.20,172.30.1.21,2026-03-28T14:36:49Z,kali repeated failed tcp connect meta2 port 65000,train
v1_campaign_20260328_0208,v1_campaign_20260328_0208_S24_run05,v1_campaign_20260328_0208_S24_run05.pcap,S24,failed_connection_burst,suspect,400,200,ok,172.30.1.20,172.30.1.21,2026-03-28T14:36:59Z,kali repeated failed tcp connect meta2 port 65000,train
v1_campaign_20260328_0208,v1_campaign_20260328_0208_S24_run06,v1_campaign_20260328_0208_S24_run06.pcap,S24,failed_connection_burst,suspect,400,200,ok,172.30.1.20,172.30.1.21,2026-03-28T14:37:08Z,kali repeated failed tcp connect meta2 port 65000,train
v1_campaign_20260328_0208,v1_campaign_20260328_0208_S24_run07,v1_campaign_20260328_0208_S24_run07.pcap,S24,failed_connection_burst,suspect,400,200,ok,172.30.1.20,172.30.1.21,2026-03-28T14:37:18Z,kali repeated failed tcp connect meta2 port 65000,train
v1_campaign_20260328_0208,v1_campaign_20260328_0208_S24_run08,v1_campaign_20260328_0208_S24_run08.pcap,S24,failed_connection_burst,suspect,400,200,ok,172.30.1.20,172.30.1.21,2026-03-28T14:37:28Z,kali repeated failed tcp connect meta2 port 65000,validation
v1_campaign_20260328_0208,v1_campaign_20260328_0208_S24_run09,v1_campaign_20260328_0208_S24_run09.pcap,S24,failed_connection_burst,suspect,400,200,ok,172.30.1.20,172.30.1.21,2026-03-28T14:37:38Z,kali repeated failed tcp connect meta2 port 65000,validation
v1_campaign_20260328_0208,v1_campaign_20260328_0208_S24_run10,v1_campaign_20260328_0208_S24_run10.pcap,S24,failed_connection_burst,suspect,400,200,ok,172.30.1.20,172.30.1.21,2026-03-28T14:37:48Z,kali repeated failed tcp connect meta2 port 65000,test
v1_campaign_20260328_0208,v1_campaign_20260328_0208_S25_run01,v1_campaign_20260328_0208_S25_run01.pcap,S25,scan_syn_slow,suspect,410,201,ok,172.30.1.20,172.30.1.21,2026-03-28T14:37:57Z,kali slow syn scan meta2 ports 1-200,train
v1_campaign_20260328_0208,v1_campaign_20260328_0208_S25_run02,v1_campaign_20260328_0208_S25_run02.pcap,S25,scan_syn_slow,suspect,423,204,ok,172.30.1.20,172.30.1.21,2026-03-28T14:39:50Z,kali slow syn scan meta2 ports 1-200,train
v1_campaign_20260328_0208,v1_campaign_20260328_0208_S25_run03,v1_campaign_20260328_0208_S25_run03.pcap,S25,scan_syn_slow,suspect,414,202,ok,172.30.1.20,172.30.1.21,2026-03-28T14:41:42Z,kali slow syn scan meta2 ports 1-200,train
v1_campaign_20260328_0208,v1_campaign_20260328_0208_S25_run04,v1_campaign_20260328_0208_S25_run04.pcap,S25,scan_syn_slow,suspect,408,200,ok,172.30.1.20,172.30.1.21,2026-03-28T14:43:34Z,kali slow syn scan meta2 ports 1-200,train
v1_campaign_20260328_0208,v1_campaign_20260328_0208_S25_run05,v1_campaign_20260328_0208_S25_run05.pcap,S25,scan_syn_slow,suspect,410,201,ok,172.30.1.20,172.30.1.21,2026-03-28T14:45:26Z,kali slow syn scan meta2 ports 1-200,train
v1_campaign_20260328_0208,v1_campaign_20260328_0208_S25_run06,v1_campaign_20260328_0208_S25_run06.pcap,S25,scan_syn_slow,suspect,408,200,ok,172.30.1.20,172.30.1.21,2026-03-28T14:47:19Z,kali slow syn scan meta2 ports 1-200,train
v1_campaign_20260328_0208,v1_campaign_20260328_0208_S25_run07,v1_campaign_20260328_0208_S25_run07.pcap,S25,scan_syn_slow,suspect,410,201,ok,172.30.1.20,172.30.1.21,2026-03-28T14:49:11Z,kali slow syn scan meta2 ports 1-200,train
v1_campaign_20260328_0208,v1_campaign_20260328_0208_S25_run08,v1_campaign_20260328_0208_S25_run08.pcap,S25,scan_syn_slow,suspect,408,200,ok,172.30.1.20,172.30.1.21,2026-03-28T14:51:03Z,kali slow syn scan meta2 ports 1-200,validation
v1_campaign_20260328_0208,v1_campaign_20260328_0208_S25_run09,v1_campaign_20260328_0208_S25_run09.pcap,S25,scan_syn_slow,suspect,430,205,ok,172.30.1.20,172.30.1.21,2026-03-28T14:52:55Z,kali slow syn scan meta2 ports 1-200,validation
v1_campaign_20260328_0208,v1_campaign_20260328_0208_S25_run10,v1_campaign_20260328_0208_S25_run10.pcap,S25,scan_syn_slow,suspect,408,200,ok,172.30.1.20,172.30.1.21,2026-03-28T14:54:48Z,kali slow syn scan meta2 ports 1-200,test
v2_complement_20260328_1225,v2_complement_20260328_1225_S30_run01,v2_complement_20260328_1225_S30_run01.pcap,S30,ssh_bruteforce_light,suspect,1597,61,ok,172.30.1.20,172.30.1.24,2026-03-28T16:25:54Z,kali repeated ssh auth failures to meta3,train
v2_complement_20260328_1225,v2_complement_20260328_1225_S30_run02,v2_complement_20260328_1225_S30_run02.pcap,S30,ssh_bruteforce_light,suspect,1638,64,ok,172.30.1.20,172.30.1.24,2026-03-28T16:28:11Z,kali repeated ssh auth failures to meta3,validation
v2_complement_20260328_1225,v2_complement_20260328_1225_S30_run03,v2_complement_20260328_1225_S30_run03.pcap,S30,ssh_bruteforce_light,suspect,1626,60,ok,172.30.1.20,172.30.1.24,2026-03-28T16:30:36Z,kali repeated ssh auth failures to meta3,test
v2_complement_20260328_1225,v2_complement_20260328_1225_S31_run01,v2_complement_20260328_1225_S31_run01.pcap,S31,web_probe_https,suspect,914,60,ok,172.30.1.20,172.30.1.24,2026-03-28T16:32:50Z,kali repeated https web probing to meta3,train
v2_complement_20260328_1225,v2_complement_20260328_1225_S31_run02,v2_complement_20260328_1225_S31_run02.pcap,S31,web_probe_https,suspect,911,60,ok,172.30.1.20,172.30.1.24,2026-03-28T16:33:03Z,kali repeated https web probing to meta3,validation
v2_complement_20260328_1225,v2_complement_20260328_1225_S31_run03,v2_complement_20260328_1225_S31_run03.pcap,S31,web_probe_https,suspect,911,60,ok,172.30.1.20,172.30.1.24,2026-03-28T16:33:14Z,kali repeated https web probing to meta3,test
